<?xml version="1.0" encoding="UTF-8" ?>
<!DOCTYPE log4j:configuration SYSTEM "log4j.dtd">

<log4j:configuration xmlns:log4j="http://jakarta.apache.org/log4j/">
  <appender name="rolling-file" class="org.apache.log4j.RollingFileAppender"> 
    <param name="file" value="${catalina.home}/logs/sip-server.log"/>
    <param name="MaxFileSize" value="1000KB"/>
    <!-- Keep one backup file -->
    <param name="MaxBackupIndex" value="10"/>
    <layout class="org.apache.log4j.PatternLayout"> 
      <param name="ConversionPattern" value="%d %-5p [%c] (%t) %m%n"/> 
    </layout> 
  </appender>
  
  <appender name="console" class="org.apache.log4j.ConsoleAppender"> 
    <param name="Target" value="System.out"/> 
    <layout class="org.apache.log4j.PatternLayout"> 
      <param name="ConversionPattern" value="%d %-5p [%c{1}] (%t) %m%n"/> 
    </layout> 
  </appender> 
  
   <category name="org.mobicents">
     <priority value="INFO" />
   </category>
   <category name="gov.nist">
     <priority value="INFO" />
   </category>
   
  <root> 
    <priority value ="INFO" />     
    <appender-ref ref="rolling-file" /> 
    <appender-ref ref="console" />
  </root>   
</log4j:configuration>